{"cameraMode":{"drawMode":0,"name":"Shaded","section":"Shading Mode"},"sceneLighting":true,"audioPlay":false,"sceneViewState":{"showFog":true,"showMaterialUpdate":false,"showSkybox":false,"showFlares":true,"showImageEffects":true,"showParticleSystems":true},"in2DMode":false,"pivot":{"x":11.149863243103028,"y":-0.15625,"z":12.30859375},"rotation":{"x":-0.6623141169548035,"y":-0.0038163657300174238,"z":0.003371097380295396,"w":-0.7492355704307556},"size":25.884483337402345,"orthographic":true}