{"cameraMode":{"drawMode":0,"name":"Shaded","section":"Shading Mode"},"sceneLighting":true,"audioPlay":false,"sceneViewState":{"showFog":true,"showMaterialUpdate":false,"showSkybox":false,"showFlares":true,"showImageEffects":true,"showParticleSystems":true},"in2DMode":false,"pivot":{"x":8.292515754699707,"y":-2.5459651947021486,"z":6.026392936706543},"rotation":{"x":0.5830667614936829,"y":-2.3759157841141133e-7,"z":7.921061495608228e-8,"w":0.8124262094497681},"size":2.8666129112243654,"orthographic":false}