{"cameraMode":{"drawMode":0,"name":"Shaded","section":"Shading Mode"},"sceneLighting":true,"audioPlay":false,"sceneViewState":{"showFog":true,"showMaterialUpdate":false,"showSkybox":false,"showFlares":true,"showImageEffects":true,"showParticleSystems":true},"in2DMode":false,"pivot":{"x":8.878217697143555,"y":-1.2169189453125,"z":10.854429244995118},"rotation":{"x":0.5923132300376892,"y":-0.10152077674865723,"z":0.07557065784931183,"w":0.7957092523574829},"size":14.002490997314454,"orthographic":true}